id_dokumentsprzedazy,id_pracownik,data_sprzedazy
1111111111,10232176,2018-11-09
1111111112,10885631,2018-03-12
1111111113,12192541,2018-03-11
1111111114,11539086,2018-11-23
1111111115,41598016,2018-11-11
1111111116,40944561,2018-07-30
1111111117,20687456,2018-11-08
1111111118,18073636,2018-02-08
1111111119,28528916,2018-03-08
1111111120,23301276,2018-07-11
1111111121,27222006,2018-08-30
1111111122,33103101,2018-07-24
1111111123,11539086,2018-02-07
1111111124,40944561,2018-11-03
1111111125,11539086,2018-04-11
1111111126,29835826,2018-03-11
1111111127,32449646,2018-02-14
1111111128,10885631,2018-09-17
1111111129,38984196,2018-02-28
1111111130,16113271,2018-08-23
1111111131,35063466,2018-11-28
1111111132,40291106,2018-02-19
1111111133,31142736,2018-07-15
1111111134,38984196,2018-08-25
1111111135,39637651,2018-03-18
1111111136,40944561,2018-06-09
1111111137,35063466,2018-09-15
1111111138,38330741,2018-02-28
1111111139,35716921,2018-09-17
1111111140,13499451,2018-09-12
1111111141,14806361,2018-01-11
1111111142,18073636,2018-02-25
1111111143,40944561,2018-07-01
1111111144,41598016,2018-01-23
1111111145,36370376,2018-06-02
1111111146,20687456,2018-04-26
1111111147,24608186,2018-06-06
1111111148,37677286,2018-08-29
1111111149,40291106,2018-05-10
1111111150,15459816,2018-05-13
1111111151,25915096,2018-07-30
1111111152,28528916,2018-03-06
1111111153,33756556,2018-04-28
1111111154,21994366,2018-09-17
1111111155,10232176,2018-08-29
1111111156,41598016,2018-01-18
1111111157,13499451,2018-02-08
1111111158,33103101,2018-02-14
1111111159,11539086,2018-10-11
1111111160,20687456,2018-08-02
1111111161,29182371,2018-04-01
1111111162,29835826,2018-06-08
1111111163,11539086,2018-03-16
1111111164,37677286,2018-03-21
1111111165,41598016,2018-09-15
1111111166,10232176,2018-06-05
1111111167,10885631,2018-05-16
1111111168,39637651,2018-06-04
1111111169,12845996,2018-02-26
1111111170,29182371,2018-03-17
1111111171,27875461,2018-07-19
1111111172,10232176,2018-11-12
1111111173,15459816,2018-02-10
1111111174,37677286,2018-07-18
1111111175,37023831,2018-06-07
1111111176,11539086,2018-08-15
1111111177,13499451,2018-08-18
1111111178,26568551,2018-01-19
1111111179,18073636,2018-04-10
1111111180,21994366,2018-05-01
1111111181,35063466,2018-02-16
1111111182,10885631,2018-06-17
1111111183,12192541,2018-02-07
1111111184,18073636,2018-05-01
1111111185,11539086,2018-04-21
1111111186,14152906,2018-06-22
1111111187,14806361,2018-03-12
1111111188,18073636,2018-02-05
1111111189,40944561,2018-09-26
1111111190,41598016,2018-09-27
1111111191,36370376,2018-06-19
1111111192,20687456,2018-10-26
1111111193,24608186,2018-01-03
1111111194,37677286,2018-10-02
1111111195,40291106,2018-07-12
1111111196,15459816,2018-01-14
1111111197,25915096,2018-06-03
1111111198,28528916,2018-01-19
1111111199,33756556,2018-09-02
1111111200,21994366,2018-10-10
1111111201,10232176,2018-11-09
1111111202,41598016,2018-08-01
1111111203,13499451,2018-06-11
1111111204,33103101,2018-03-27
1111111205,11539086,2018-02-05
1111111206,20687456,2018-02-12
1111111207,29182371,2018-09-05
1111111208,29835826,2018-10-17
1111111209,11539086,2018-01-04
1111111210,37677286,2018-01-16
1111111211,12192541,2018-05-28
1111111212,11539086,2018-04-01
1111111213,41598016,2018-07-14
1111111214,40944561,2018-11-09
1111111215,20687456,2018-09-20
1111111216,18073636,2018-09-06
1111111217,28528916,2018-08-10
1111111218,23301276,2018-08-08
1111111219,27222006,2018-06-19
1111111220,33103101,2018-10-07
1111111221,11539086,2018-11-30
1111111222,40944561,2018-02-28
1111111223,11539086,2018-03-30
1111111224,29835826,2018-01-24
1111111225,32449646,2018-03-10
1111111226,10885631,2018-11-24
1111111227,38984196,2018-09-13
1111111228,16113271,2018-03-06
1111111229,35063466,2018-10-21
1111111230,40291106,2018-08-23
1111111231,39637651,2018-01-16
1111111232,40944561,2018-01-05
1111111233,35063466,2018-11-25
1111111234,38330741,2018-04-29
1111111235,35716921,2018-09-26
1111111236,13499451,2018-03-26
1111111237,14806361,2018-02-27
1111111238,18073636,2018-09-01
1111111239,40944561,2018-03-10
1111111240,41598016,2018-10-01
1111111241,36370376,2018-04-19
1111111242,20687456,2018-11-06
1111111243,24608186,2018-10-08
1111111244,37677286,2018-04-21
1111111245,40291106,2018-05-15
1111111246,15459816,2018-06-29
1111111247,25915096,2018-09-29
1111111248,28528916,2018-01-15
1111111249,33756556,2018-10-09
1111111250,21994366,2018-04-22
1111111251,10232176,2018-01-17
1111111252,41598016,2018-05-20
1111111253,13499451,2018-04-01
1111111254,33103101,2018-06-13
1111111255,35063466,2018-10-14
1111111256,14152906,2018-07-14
1111111257,14806361,2018-03-26
1111111258,18727091,2018-02-13
1111111259,40944561,2018-04-11
1111111260,11539086,2018-06-26
1111111261,29182371,2018-02-27
1111111262,10885631,2018-10-05
1111111263,25915096,2018-03-30
1111111264,21340911,2018-05-19
1111111265,29835826,2018-06-14
1111111266,37023831,2018-03-10
1111111267,13499451,2018-07-08
1111111268,34410011,2018-02-14
1111111269,31796191,2018-07-02
1111111270,32449646,2018-08-15
1111111271,39637651,2018-02-10
1111111272,41598016,2018-08-04
1111111273,24608186,2018-05-28
1111111274,35716921,2018-11-02
1111111275,37677286,2018-01-30
1111111276,12845996,2018-09-17
1111111277,16113271,2018-03-06
1111111278,40291106,2018-08-11
1111111279,27222006,2018-09-10
1111111280,33103101,2018-03-03
1111111281,33756556,2018-02-23
1111111282,18073636,2018-05-18
1111111283,20687456,2018-08-20
1111111284,30489281,2018-09-07
1111111285,16766726,2018-09-26
1111111286,15459816,2018-04-28
1111111287,23954731,2018-04-11
1111111288,25261641,2018-11-11
1111111289,21994366,2018-11-29
1111111290,20034001,2018-04-02
1111111291,23301276,2018-03-06
1111111292,27875461,2018-10-16
1111111293,10232176,2018-01-11
1111111294,36370376,2018-08-20
1111111295,28528916,2018-02-21
1111111296,31142736,2018-04-21
1111111297,22647821,2018-07-16
1111111298,12192541,2018-11-23
1111111299,19380546,2018-01-07
1111111300,26568551,2018-06-09
1111111301,17420181,2018-11-16
1111111302,38984196,2018-08-14
1111111303,38330741,2018-03-04
1111111304,10885631,2018-07-21
1111111305,14152906,2018-10-30
1111111306,21994366,2018-03-09
1111111307,39637651,2018-11-10
1111111308,12192541,2018-08-18
1111111309,14806361,2018-09-30
1111111310,30489281,2018-04-10
1111111311,40944561,2018-07-29
1111111312,29182371,2018-06-22
1111111313,40291106,2018-04-22
1111111314,18727091,2018-05-20
1111111315,31142736,2018-04-29
1111111316,35063466,2018-01-15
1111111317,25915096,2018-09-24
1111111318,11539086,2018-08-16
1111111319,24608186,2018-05-12
1111111320,27222006,2018-06-10
1111111321,20687456,2018-05-29
1111111322,10232176,2018-10-27
1111111323,16113271,2018-07-22
1111111324,36370376,2018-09-21
1111111325,26568551,2018-03-03
1111111326,12845996,2018-09-23
1111111327,27875461,2018-01-04
1111111328,37677286,2018-04-28
1111111329,32449646,2018-03-28
1111111330,31796191,2018-06-05
1111111331,38330741,2018-09-08
1111111332,22647821,2018-11-01
1111111333,17420181,2018-06-06
1111111334,34410011,2018-04-25
1111111335,37023831,2018-11-09
1111111336,41598016,2018-03-12
1111111337,16766726,2018-03-11
1111111338,35716921,2018-11-23
1111111339,38984196,2018-11-11
1111111340,13499451,2018-07-30
1111111341,33103101,2018-11-08
1111111342,18073636,2018-02-08
1111111343,25261641,2018-03-08
1111111344,19380546,2018-07-11
1111111345,20034001,2018-08-30
1111111346,33756556,2018-07-24
1111111347,15459816,2018-02-07
1111111348,29835826,2018-11-03
1111111349,21340911,2018-04-11
1111111350,23954731,2018-03-11
1111111351,23301276,2018-02-14
1111111352,28528916,2018-09-17
1111111353,10885631,2018-02-28
1111111354,14152906,2018-08-23
1111111355,21994366,2018-11-28
1111111356,39637651,2018-02-19
1111111357,12192541,2018-07-15
1111111358,14806361,2018-08-25
1111111359,30489281,2018-03-18
1111111360,40944561,2018-06-09
1111111361,29182371,2018-09-15
1111111362,40291106,2018-02-28
1111111363,18727091,2018-09-17
1111111364,31142736,2018-09-12
1111111365,35063466,2018-01-11
1111111366,25915096,2018-02-25
1111111367,11539086,2018-07-01
1111111368,24608186,2018-01-23
1111111369,27222006,2018-06-02
1111111370,20687456,2018-04-26
1111111371,10232176,2018-06-06
1111111372,16113271,2018-08-29
1111111373,36370376,2018-05-10
1111111374,26568551,2018-05-13
1111111375,12845996,2018-07-30
1111111376,27875461,2018-03-06
1111111377,37677286,2018-04-28
1111111378,32449646,2018-09-17
1111111379,31796191,2018-08-29
1111111380,38330741,2018-01-18
1111111381,22647821,2018-02-08
1111111382,17420181,2018-02-14
1111111383,34410011,2018-10-11
1111111384,37023831,2018-08-02
1111111385,41598016,2018-04-01
1111111386,16766726,2018-06-08
1111111387,35716921,2018-03-16
1111111388,38984196,2018-03-21
1111111389,13499451,2018-09-15
1111111390,33103101,2018-06-05
1111111391,18073636,2018-05-16
1111111392,25261641,2018-06-04
1111111393,19380546,2018-02-26
1111111394,20034001,2018-03-17
1111111395,33756556,2018-07-19
1111111396,15459816,2018-11-12
1111111397,29835826,2018-02-10
1111111398,21340911,2018-07-18
1111111399,23954731,2018-06-07
1111111400,23301276,2018-08-15
1111111401,28528916,2018-08-18
1111111402,37023831,2018-01-19
1111111403,17420181,2018-04-10
1111111404,10232176,2018-05-01
1111111405,35716921,2018-02-16
1111111406,14152906,2018-06-17
1111111407,33103101,2018-02-07
1111111408,39637651,2018-05-01
1111111409,31142736,2018-04-21
1111111410,23954731,2018-06-22
1111111411,29182371,2018-03-12
1111111412,32449646,2018-02-05
1111111413,34410011,2018-09-26
1111111414,19380546,2018-09-27
1111111415,18727091,2018-06-19
1111111416,25915096,2018-10-26
1111111417,30489281,2018-01-03
1111111418,41598016,2018-10-02
1111111419,21340911,2018-07-12
1111111420,12192541,2018-01-14
1111111421,25261641,2018-06-03
1111111422,20034001,2018-01-19
1111111423,24608186,2018-09-02
1111111424,12845996,2018-10-10
1111111425,16766726,2018-11-09
1111111426,37677286,2018-08-01
1111111427,31796191,2018-06-11
1111111428,40291106,2018-03-27
1111111429,16113271,2018-02-05
1111111430,36370376,2018-02-12
1111111431,33756556,2018-09-05
1111111432,35063466,2018-10-17
1111111433,20687456,2018-01-04
1111111434,14806361,2018-01-16
1111111435,26568551,2018-05-28
1111111436,28528916,2018-04-01
1111111437,22647821,2018-07-14
1111111438,10885631,2018-11-09
1111111439,27222006,2018-09-20
1111111440,18073636,2018-09-06
1111111441,38984196,2018-08-10
1111111442,40944561,2018-08-08
1111111443,15459816,2018-06-19
1111111444,38330741,2018-10-07
1111111445,23301276,2018-11-30
1111111446,29835826,2018-02-28
1111111447,21994366,2018-03-30
1111111448,11539086,2018-01-24
1111111449,27875461,2018-03-10
1111111450,13499451,2018-11-24
1111111451,24608186,2018-09-13
1111111452,31142736,2018-03-06
1111111453,31796191,2018-10-21
1111111454,33756556,2018-08-23
1111111455,14152906,2018-01-16
1111111456,32449646,2018-01-05
1111111457,27875461,2018-11-25
1111111458,35716921,2018-04-29
1111111459,29182371,2018-09-26
1111111460,20034001,2018-03-26
1111111461,38984196,2018-02-27
1111111462,34410011,2018-09-01
1111111463,40291106,2018-03-10
1111111464,41598016,2018-10-01
1111111465,22647821,2018-04-19
1111111466,15459816,2018-11-06
1111111467,16113271,2018-10-08
1111111468,37023831,2018-04-21
1111111469,38330741,2018-05-15
1111111470,10885631,2018-06-29
1111111471,11539086,2018-09-29
1111111472,35063466,2018-01-15
1111111473,28528916,2018-10-09
1111111474,40944561,2018-04-22
1111111475,10232176,2018-01-17
1111111476,18727091,2018-05-20
1111111477,30489281,2018-04-01
1111111478,37677286,2018-06-13
1111111479,19380546,2018-10-14
1111111480,27222006,2018-07-14
1111111481,33103101,2018-03-26
1111111482,23954731,2018-02-13
1111111483,13499451,2018-04-11
1111111484,18073636,2018-06-26
1111111485,23301276,2018-02-27
1111111486,25261641,2018-10-05
1111111487,36370376,2018-03-30
1111111488,39637651,2018-05-19
1111111489,25915096,2018-06-14
1111111490,12845996,2018-03-10
1111111491,26568551,2018-07-08
1111111492,20687456,2018-02-14
1111111493,29835826,2018-07-02
1111111494,21340911,2018-08-15
1111111495,16766726,2018-02-10
1111111496,17420181,2018-08-04
1111111497,14806361,2018-05-28
1111111498,12192541,2018-11-02
1111111499,21994366,2018-01-30
1111111500,21340911,2018-09-17
1111111501,27875461,2018-03-06
1111111502,28528916,2018-08-11
1111111503,37677286,2018-09-10
1111111504,19380546,2018-03-03
1111111505,18073636,2018-02-23
1111111506,37023831,2018-05-18
1111111507,16113271,2018-08-20
1111111508,23301276,2018-09-07
1111111509,16766726,2018-09-26
1111111510,29182371,2018-04-28
1111111511,35063466,2018-04-11
1111111512,29835826,2018-11-11
1111111513,14152906,2018-11-29
1111111514,12192541,2018-04-02
1111111515,24608186,2018-03-06
1111111516,38984196,2018-10-16
1111111517,25261641,2018-01-11
1111111518,12845996,2018-08-20
1111111519,17420181,2018-02-21
1111111520,40291106,2018-04-21
1111111521,18727091,2018-07-16
1111111522,14806361,2018-11-23
1111111523,15459816,2018-01-07
1111111524,30489281,2018-06-09
1111111525,11539086,2018-11-16
1111111526,35716921,2018-08-14
1111111527,10232176,2018-03-04
1111111528,33103101,2018-07-21
1111111529,26568551,2018-10-30
1111111530,39637651,2018-03-09
1111111531,40944561,2018-11-10
1111111532,20034001,2018-08-18
1111111533,22647821,2018-09-30
1111111534,23954731,2018-04-10
1111111535,20687456,2018-07-29
1111111536,36370376,2018-06-22
1111111537,38330741,2018-04-22
1111111538,27222006,2018-05-20
1111111539,31142736,2018-04-29
1111111540,31796191,2018-01-15
1111111541,41598016,2018-09-24
1111111542,21994366,2018-08-16
1111111543,25915096,2018-05-12
1111111544,32449646,2018-06-10
1111111545,33756556,2018-05-29
1111111546,10885631,2018-10-27
1111111547,34410011,2018-07-22
1111111548,13499451,2018-09-21
1111111549,19380546,2018-03-03
1111111550,17420181,2018-09-23
1111111551,24608186,2018-01-04
1111111552,11539086,2018-04-28
1111111553,38330741,2018-03-28
1111111554,14152906,2018-06-05
1111111555,15459816,2018-09-08
1111111556,35063466,2018-11-01
1111111557,39637651,2018-06-06
1111111558,27875461,2018-04-25
1111111559,25915096,2018-11-09
1111111560,23301276,2018-03-12
1111111561,12845996,2018-03-11
1111111562,32449646,2018-11-23
1111111563,27222006,2018-11-11
1111111564,30489281,2018-07-30
1111111565,41598016,2018-11-08
1111111566,29182371,2018-02-08
1111111567,20034001,2018-03-08
1111111568,40944561,2018-07-11
1111111569,37677286,2018-08-30
1111111570,31796191,2018-07-24
1111111571,26568551,2018-02-07
1111111572,25261641,2018-11-03
1111111573,37023831,2018-04-11
1111111574,18727091,2018-03-11
1111111575,31142736,2018-02-14
1111111576,38984196,2018-09-17
1111111577,29835826,2018-02-28
1111111578,36370376,2018-08-23
1111111579,35716921,2018-11-28
1111111580,33756556,2018-02-19
1111111581,21340911,2018-07-15
1111111582,23954731,2018-08-25
1111111583,16113271,2018-03-18
1111111584,14806361,2018-06-09
1111111585,13499451,2018-09-15
1111111586,40291106,2018-02-28
1111111587,12192541,2018-09-17
1111111588,10885631,2018-09-12
1111111589,33103101,2018-01-11
1111111590,20687456,2018-02-25
1111111591,16766726,2018-07-01
1111111592,34410011,2018-01-23
1111111593,28528916,2018-06-02
1111111594,10232176,2018-04-26
1111111595,22647821,2018-06-06
1111111596,21994366,2018-08-29
1111111597,18073636,2018-05-10
1111111598,21340911,2018-05-13
1111111599,26568551,2018-07-30
1111111600,37677286,2018-03-06
1111111601,14152906,2018-04-28
1111111602,40944561,2018-09-17
1111111603,38984196,2018-08-29
1111111604,12192541,2018-01-18
1111111605,27875461,2018-02-08
1111111606,31796191,2018-02-14
1111111607,27222006,2018-10-11
1111111608,33103101,2018-08-02
1111111609,28528916,2018-04-01
1111111610,29182371,2018-06-08
1111111611,11539086,2018-09-21
1111111612,12845996,2018-01-12
1111111613,13499451,2018-10-28
1111111614,15459816,2018-04-21
1111111615,22647821,2018-06-20
1111111616,29182371,2018-12-28
1111111617,35063466,2018-02-11
1111111618,40944561,2018-03-02
1111111619,30489281,2018-06-14
1111111620,38984196,2018-03-18
1111111621,18727091,2018-11-21
1111111622,35716921,2018-01-09
1111111623,16766726,2018-04-11
1111111624,28528916,2018-02-23
1111111625,31142736,2018-06-18
1111111626,21340911,2018-12-18
1111111627,10232176,2018-08-20
1111111628,12192541,2018-08-12
1111111629,19380546,2018-09-21
1111111630,23954731,2018-01-18
1111111631,33103101,2018-09-03
1111111632,33756556,2018-05-11
1111111633,27222006,2018-07-04
1111111634,36370376,2018-10-20
1111111635,37677286,2018-09-26
1111111636,17420181,2018-10-07
1111111637,21994366,2018-06-02
1111111638,31796191,2018-02-16
1111111639,14806361,2018-11-11
1111111640,24608186,2018-03-09
1111111641,34410011,2018-01-14
1111111642,41598016,2018-09-10
1111111643,14152906,2018-05-15
1111111644,20034001,2018-04-13
1111111645,27875461,2018-08-18
1111111646,10885631,2018-07-11
1111111647,39637651,2018-04-26
1111111648,25261641,2018-08-06
1111111649,23301276,2018-05-25
1111111650,37023831,2018-07-11
1111111651,40291106,2018-10-12
1111111652,29835826,2018-06-28
1111111653,38330741,2018-12-04
1111111654,20687456,2018-01-22
1111111655,32449646,2018-10-13
1111111656,16113271,2018-02-19
1111111657,18073636,2018-01-23
1111111658,25915096,2018-06-18
1111111659,26568551,2018-11-15
1111111660,12845996,2018-11-30
1111111661,16766726,2018-08-18
1111111662,23954731,2018-05-07
1111111663,32449646,2018-12-18
1111111664,18073636,2018-12-18
1111111665,25915096,2018-05-09
1111111666,31796191,2018-12-12
1111111667,37677286,2018-07-19
1111111668,41598016,2018-12-03
1111111669,20034001,2018-07-19
1111111670,11539086,2018-05-22
1111111671,17420181,2018-05-05
1111111672,22647821,2018-04-11
1111111673,38330741,2018-01-09
1111111674,12192541,2018-12-30
1111111675,40291106,2018-02-05
1111111676,31142736,2018-07-13
1111111677,34410011,2018-06-07
1111111678,37023831,2018-10-29
1111111679,26568551,2018-03-15
1111111680,29182371,2018-11-29
1111111681,40944561,2018-07-23
1111111682,35063466,2018-06-13
1111111683,18727091,2018-01-23
1111111684,16113271,2018-12-29
1111111685,30489281,2018-06-01
1111111686,19380546,2018-07-18
1111111687,33756556,2018-12-15
1111111688,21994366,2018-11-25
1111111689,13499451,2018-03-30
1111111690,38984196,2018-01-19
1111111691,29835826,2018-07-20
1111111692,15459816,2018-03-15
1111111693,27222006,2018-07-14
1111111694,14806361,2018-11-06
1111111695,27875461,2018-12-28
1111111696,25261641,2018-01-04
1111111697,33103101,2018-06-04
1111111698,24608186,2018-03-20
1111111699,14152906,2018-12-08
1111111700,10885631,2018-06-20
1111111701,23301276,2018-03-11
1111111702,10232176,2018-07-30
1111111703,39637651,2018-05-20
1111111704,35716921,2018-06-14
1111111705,28528916,2018-02-26
1111111706,36370376,2018-05-03
1111111707,21340911,2018-09-24
1111111708,20687456,2018-02-12
1111111709,33756556,2018-06-07
1111111710,10232176,2018-10-11
1111111711,35716921,2018-08-22
1111111712,38330741,2018-05-28
1111111713,31142736,2018-04-21
1111111714,21994366,2018-09-02
1111111715,18727091,2018-04-09
1111111716,39637651,2018-05-24
1111111717,35063466,2018-01-14
1111111718,40944561,2018-05-10
1111111719,30489281,2018-08-10
1111111720,28528916,2018-02-16
1111111721,18073636,2018-04-02
1111111722,31796191,2018-11-23
1111111723,33103101,2018-12-03
1111111724,21340911,2018-11-14
1111111725,20687456,2018-06-24
1111111726,16766726,2018-02-20
1111111727,32449646,2018-02-05
1111111728,11539086,2018-09-28
1111111729,23301276,2018-05-11
1111111730,26568551,2018-12-28
1111111731,22647821,2018-09-16
1111111732,34410011,2018-05-09
1111111733,15459816,2018-09-21
1111111734,27875461,2018-07-03
1111111735,12845996,2018-04-29
1111111736,12192541,2018-04-11
1111111737,20034001,2018-09-29
1111111738,16113271,2018-11-27
1111111739,14806361,2018-07-11
1111111740,14152906,2018-07-27
1111111741,17420181,2018-05-09
1111111742,40291106,2018-12-16
1111111743,25915096,2018-10-06
1111111744,37677286,2018-12-20
1111111745,19380546,2018-03-05
1111111746,13499451,2018-03-24
1111111747,29835826,2018-09-28
1111111748,10885631,2018-11-17
1111111749,37023831,2018-01-17
1111111750,28528916,2018-03-20
1111111751,27875461,2018-08-17
1111111752,12845996,2018-11-10
1111111753,19380546,2018-03-11
1111111754,24608186,2018-04-28
1111111755,33756556,2018-08-07
1111111756,38330741,2018-02-17
1111111757,40291106,2018-04-06
1111111758,21994366,2018-11-11
1111111759,36370376,2018-06-23
1111111760,27222006,2018-06-07
1111111761,18073636,2018-04-29
1111111762,10885631,2018-02-16
1111111763,23954731,2018-04-25
1111111764,22647821,2018-06-19
1111111765,15459816,2018-01-02
1111111766,25915096,2018-12-09
1111111767,41598016,2018-05-22
1111111768,40944561,2018-01-18
1111111769,16766726,2018-08-08
1111111770,13499451,2018-01-26
1111111771,35063466,2018-09-06
1111111772,14152906,2018-11-15
1111111773,30489281,2018-01-11
1111111774,26568551,2018-03-17
1111111775,21340911,2018-06-13
1111111776,20034001,2018-04-06
1111111777,14806361,2018-08-02
1111111778,29835826,2018-04-29
1111111779,31142736,2018-02-28
1111111780,32449646,2018-02-23
1111111781,33103101,2018-06-29
1111111782,23301276,2018-03-19
1111111783,37023831,2018-09-12
1111111784,29182371,2018-01-09
1111111785,18727091,2018-02-07
1111111786,34410011,2018-10-11
1111111787,11539086,2018-01-05
1111111788,16113271,2018-06-10
1111111789,24608186,2018-04-10
1111111790,13499451,2018-02-18
1111111791,10885631,2018-08-03
1111111792,40944561,2018-09-30
1111111793,30489281,2018-06-04
1111111794,18073636,2018-03-07
1111111795,16766726,2018-11-17
1111111796,14806361,2018-03-23
1111111797,37023831,2018-10-09
1111111798,29182371,2018-10-16
1111111799,18727091,2018-09-05
1111111800,11539086,2018-10-12
1111111801,35063466,2018-07-18
1111111802,32449646,2018-02-16
1111111803,15459816,2018-03-02
1111111804,27222006,2018-01-21
1111111805,22647821,2018-12-06
1111111806,29835826,2018-08-28
1111111807,23301276,2018-03-02
1111111808,10232176,2018-09-25
1111111809,19380546,2018-06-19
1111111810,33103101,2018-04-18
1111111811,37677286,2018-01-07
1111111812,27875461,2018-02-15
1111111813,12192541,2018-02-13
1111111814,21340911,2018-02-08
1111111815,38330741,2018-11-23
1111111816,40291106,2018-05-22
1111111817,21994366,2018-04-05
1111111818,25261641,2018-02-07
1111111819,34410011,2018-11-29
1111111820,31796191,2018-08-18
1111111821,35716921,2018-02-14
1111111822,38984196,2018-11-17
1111111823,28528916,2018-09-07
1111111824,36370376,2018-09-21
1111111825,12845996,2018-11-25
1111111826,25915096,2018-02-28
1111111827,41598016,2018-10-08
1111111828,33756556,2018-02-24
1111111829,23954731,2018-09-06
1111111830,14152906,2018-07-25
1111111831,26568551,2018-04-29
1111111832,31142736,2018-05-05
1111111833,39637651,2018-01-19
1111111834,20034001,2018-01-22
1111111835,16113271,2018-07-09
1111111836,20687456,2018-04-23
1111111837,17420181,2018-09-26
1111111838,35063466,2018-02-26
1111111839,23301276,2018-03-27
1111111840,10232176,2018-05-28
1111111841,36370376,2018-12-14
1111111842,38330741,2018-07-09
1111111843,31796191,2018-01-30
1111111844,18727091,2018-12-13
1111111845,40291106,2018-10-10
1111111846,21994366,2018-08-21
1111111847,38984196,2018-09-25
1111111848,26568551,2018-09-02
1111111849,24608186,2018-05-24
1111111850,40944561,2018-03-06
1111111851,29835826,2018-11-09
1111111852,19380546,2018-08-09
1111111853,14806361,2018-03-08
1111111854,41598016,2018-09-10
1111111855,33756556,2018-05-17
1111111856,23954731,2018-03-19
1111111857,18073636,2018-02-18
1111111858,34410011,2018-02-10
1111111859,12845996,2018-10-12
1111111860,20034001,2018-11-06
1111111861,14152906,2018-08-03
1111111862,39637651,2018-02-11
1111111863,25261641,2018-10-11
1111111864,35716921,2018-04-28
1111111865,15459816,2018-05-12
1111111866,10885631,2018-01-23
1111111867,16766726,2018-11-28
1111111868,11539086,2018-03-06
1111111869,27222006,2018-12-15
1111111870,27875461,2018-08-13
1111111871,37023831,2018-01-08
1111111872,25915096,2018-02-13
1111111873,28528916,2018-08-14
1111111874,22647821,2018-08-27
1111111875,33103101,2018-10-12
1111111876,31142736,2018-09-30
1111111877,17420181,2018-03-10
1111111878,13499451,2018-12-21
1111111879,29182371,2018-01-12
1111111880,32449646,2018-01-17
1111111881,37677286,2018-06-02
1111111882,12192541,2018-11-03
1111111883,21340911,2018-05-03
1111111884,16113271,2018-07-03
1111111885,20687456,2018-01-19
1111111886,30489281,2018-01-22
1111111887,10232176,2018-08-04
1111111888,18073636,2018-04-25
1111111889,12192541,2018-03-25
1111111890,36370376,2018-12-08
1111111891,26568551,2018-09-12
1111111892,20034001,2018-04-24
1111111893,31142736,2018-03-13
1111111894,30489281,2018-03-16
1111111895,14152906,2018-07-14
1111111896,35716921,2018-12-22
1111111897,16766726,2018-05-08
1111111898,19380546,2018-03-28
1111111899,33756556,2018-04-29
1111111900,38984196,2018-10-06
1111111901,14806361,2018-10-12
1111111902,33103101,2018-02-11
1111111903,29835826,2018-03-20
1111111904,37023831,2018-09-18
1111111905,13499451,2018-08-28
1111111906,28528916,2018-04-10
1111111907,37677286,2018-12-30
1111111908,40944561,2018-03-17
1111111909,39637651,2018-01-05
1111111910,35063466,2018-03-04
1111111911,24608186,2018-01-19
1111111912,23954731,2018-01-02
1111111913,15459816,2018-07-20
1111111914,11539086,2018-01-02
1111111915,27222006,2018-07-19
1111111916,29182371,2018-03-14
1111111917,25261641,2018-03-11
1111111918,27875461,2018-10-12
1111111919,25915096,2018-07-16
1111111920,40291106,2018-05-15
1111111921,21994366,2018-07-13
1111111922,18727091,2018-11-04
1111111923,12845996,2018-12-23
1111111924,21340911,2018-09-27
1111111925,38330741,2018-12-21
1111111926,32449646,2018-06-19
1111111927,20687456,2018-07-06
1111111928,23301276,2018-12-14
1111111929,31796191,2018-04-08
1111111930,41598016,2018-08-19
1111111931,10885631,2018-04-17
1111111932,17420181,2018-11-11
1111111933,16113271,2018-02-26
1111111934,22647821,2018-09-17
1111111935,34410011,2018-05-14
1111111936,18073636,2018-06-12
1111111937,21994366,2018-09-05
1111111938,27222006,2018-12-08
1111111939,25261641,2018-07-15
1111111940,27875461,2018-01-17
1111111941,38330741,2018-02-28
1111111942,32449646,2018-02-07
1111111943,23954731,2018-03-07
1111111944,41598016,2018-04-08
1111111945,19380546,2018-02-01
1111111946,13499451,2018-05-22
1111111947,11539086,2018-09-03
1111111948,18727091,2018-06-14
1111111949,17420181,2018-04-18
1111111950,12192541,2018-05-11
1111111951,38984196,2018-06-25
1111111952,21340911,2018-06-07
1111111953,16113271,2018-11-14
1111111954,26568551,2018-02-20
1111111955,37677286,2018-11-05
1111111956,20687456,2018-10-23
1111111957,34410011,2018-08-10
1111111958,35716921,2018-05-10
1111111959,25915096,2018-01-24
1111111960,20034001,2018-11-01
1111111961,29182371,2018-04-08
1111111962,16766726,2018-10-10
1111111963,35063466,2018-07-24
1111111964,12845996,2018-07-15
1111111965,36370376,2018-10-26
1111111966,31142736,2018-08-02
1111111967,28528916,2018-10-02
1111111968,39637651,2018-10-22
1111111969,30489281,2018-11-10
1111111970,14806361,2018-11-04
1111111971,33103101,2018-07-03
1111111972,37023831,2018-10-18
1111111973,23301276,2018-12-26
1111111974,10232176,2018-06-06
1111111975,14152906,2018-08-25
1111111976,10885631,2018-03-20
1111111977,22647821,2018-07-08
1111111978,29835826,2018-03-14
1111111979,20687456,2018-06-03
1111111980,39637651,2018-03-13
1111111981,29835826,2018-11-15
1111111982,21994366,2018-06-29
1111111983,10232176,2018-02-11
1111111984,17420181,2018-11-17
1111111985,13499451,2018-08-04
1111111986,30489281,2018-01-06
1111111987,38330741,2018-02-11
1111111988,19380546,2018-01-26
1111111989,12192541,2018-09-14
1111111990,31142736,2018-08-16
1111111991,10885631,2018-06-26
1111111992,31796191,2018-02-23
1111111993,15459816,2018-12-18
1111111994,35063466,2018-08-20
1111111995,23954731,2018-03-24
1111111996,41598016,2018-11-20
1111111997,37677286,2018-06-24
1111111998,29182371,2018-09-27
1111111999,33103101,2018-02-02
1111112000,24608186,2018-03-24
1111112001,35716921,2018-08-19
1111112002,12845996,2018-03-26
1111112003,28528916,2018-11-24
1111112004,37023831,2018-02-28
1111112005,32449646,2018-11-13
1111112006,11539086,2018-08-23
1111112007,21340911,2018-05-25
1111112008,34410011,2018-10-07
1111112009,14806361,2018-05-20
1111112010,23301276,2018-04-23
1111112011,16113271,2018-02-05
1111112012,26568551,2018-07-06
1111112013,25915096,2018-09-28
1111112014,22647821,2018-05-26
1111112015,27222006,2018-07-11
1111112016,27875461,2018-11-20
1111112017,38984196,2018-07-01
1111112018,40291106,2018-07-23
1111112019,18727091,2018-12-04
1111112020,20034001,2018-06-27
1111112021,16766726,2018-10-08
1111112022,36370376,2018-08-12
1111112023,40944561,2018-07-09
1111112024,18073636,2018-07-11
1111112025,33756556,2018-01-14
1111112026,25261641,2018-11-09
1111112027,14152906,2018-01-21
1111112028,19380546,2018-06-15
1111112029,23954731,2018-06-06
1111112030,26568551,2018-08-15
1111112031,22647821,2018-02-06
1111112032,20687456,2018-12-06
1111112033,35716921,2018-02-08
1111112034,36370376,2018-02-26
1111112035,39637651,2018-08-14
1111112036,12845996,2018-03-14
1111112037,23301276,2018-02-07
1111112038,40291106,2018-06-17
1111112039,18727091,2018-09-27
1111112040,17420181,2018-06-20
1111112041,38330741,2018-10-17
1111112042,32449646,2018-01-13
1111112043,16766726,2018-10-14
1111112044,21994366,2018-03-22
1111112045,10885631,2018-10-01
1111112046,27875461,2018-06-15
1111112047,33103101,2018-11-03
1111112048,14152906,2018-01-25
1111112049,13499451,2018-01-29
1111112050,35063466,2018-04-28
1111112051,41598016,2018-05-12
1111112052,20034001,2018-08-09
1111112053,27222006,2018-04-17
1111112054,30489281,2018-12-02
1111112055,37677286,2018-02-08
1111112056,37023831,2018-02-28
1111112057,29835826,2018-03-17
1111112058,18073636,2018-12-11
1111112059,10232176,2018-10-01
1111112060,21340911,2018-09-16
1111112061,34410011,2018-11-23
1111112062,24608186,2018-04-20
1111112063,11539086,2018-12-23
1111112064,38984196,2018-04-23
1111112065,31142736,2018-02-28
1111112066,29182371,2018-12-14
1111112067,14806361,2018-11-13
1111112068,31796191,2018-06-13
1111112069,16113271,2018-05-22
1111112070,20687456,2018-11-20
1111112071,21340911,2018-06-18
1111112072,38330741,2018-07-24
1111112073,20034001,2018-12-26
1111112074,10885631,2018-04-18
1111112075,38984196,2018-12-19
1111112076,12192541,2018-12-05
1111112077,33756556,2018-12-07
1111112078,15459816,2018-11-29
1111112079,27222006,2018-03-02
1111112080,25915096,2018-10-30
1111112081,29182371,2018-01-06
1111112082,16113271,2018-07-08
1111112083,40944561,2018-03-30
1111112084,19380546,2018-05-30
1111112085,26568551,2018-04-01
1111112086,40291106,2018-05-16
1111112087,27875461,2018-11-23
1111112088,29835826,2018-02-04
1111112089,34410011,2018-08-12
1111112090,36370376,2018-11-28
1111112091,39637651,2018-07-16
1111112092,32449646,2018-08-23
1111112093,18727091,2018-11-10
1111112094,17420181,2018-04-15
1111112095,35063466,2018-03-20
1111112096,30489281,2018-09-20
1111112097,37677286,2018-07-02
1111112098,31142736,2018-11-26
1111112099,23301276,2018-12-14
1111112100,16766726,2018-03-20
1111112101,21994366,2018-10-17
1111112102,22647821,2018-10-16
1111112103,12845996,2018-09-04
1111112104,14152906,2018-03-27
1111112105,37023831,2018-04-06
1111112106,18073636,2018-07-15
1111112107,10232176,2018-03-23
1111112108,31796191,2018-07-18
1111112109,23954731,2018-07-19
1111112110,33103101,2018-11-24
1111112111,14806361,2018-01-21
1111112112,35716921,2018-04-29
1111112113,13499451,2018-04-14
1111112114,28528916,2018-04-18
1111112115,41598016,2018-04-03
1111112116,24608186,2018-09-12
1111112117,11539086,2018-05-05
1111112118,25261641,2018-02-28
1111112119,33756556,2018-01-06
1111112120,21994366,2018-02-05
1111112121,13499451,2018-01-06
1111112122,24608186,2018-04-07
1111112123,27222006,2018-07-23
1111112124,14806361,2018-03-28
1111112125,32449646,2018-11-11
1111112126,35716921,2018-10-26
1111112127,38984196,2018-12-09
1111112128,26568551,2018-02-28
1111112129,12845996,2018-12-04
1111112130,14152906,2018-02-06
1111112131,30489281,2018-07-25
1111112132,10232176,2018-02-16
1111112133,15459816,2018-09-08
1111112134,27875461,2018-04-13
1111112135,29835826,2018-09-08
1111112136,34410011,2018-11-30
1111112137,18727091,2018-08-05
1111112138,28528916,2018-02-28
1111112139,41598016,2018-03-15
1111112140,10885631,2018-07-10
1111112141,23301276,2018-06-15
1111112142,38330741,2018-05-11
1111112143,16113271,2018-05-24
1111112144,40944561,2018-05-11
1111112145,37023831,2018-05-14
1111112146,19380546,2018-03-27
1111112147,40291106,2018-10-11
1111112148,20034001,2018-03-02
1111112149,35063466,2018-03-21
1111112150,23954731,2018-02-04
1111112151,33103101,2018-05-11
1111112152,17420181,2018-07-12
1111112153,12845996,2018-03-19
1111112154,29835826,2018-12-23
1111112155,33756556,2018-10-23
1111112156,37677286,2018-06-09
1111112157,34410011,2018-02-17
1111112158,29182371,2018-01-06
1111112159,36370376,2018-11-09
1111112160,18073636,2018-07-11
1111112161,27222006,2018-07-21
1111112162,32449646,2018-01-29
1111112163,21994366,2018-06-05
1111112164,22647821,2018-02-14
1111112165,31796191,2018-12-28
1111112166,35063466,2018-12-03
1111112167,25261641,2018-05-21
1111112168,13499451,2018-02-10
1111112169,24608186,2018-06-25
1111112170,38330741,2018-01-29
1111112171,18727091,2018-01-08
1111112172,37023831,2018-05-24
1111112173,20034001,2018-12-04
1111112174,14152906,2018-01-06
1111112175,40944561,2018-05-01
1111112176,21340911,2018-12-04
1111112177,25915096,2018-10-16
1111112178,31142736,2018-10-07
1111112179,15459816,2018-09-14
1111112180,28528916,2018-10-14
1111112181,41598016,2018-11-03
1111112182,16113271,2018-06-07
1111112183,17420181,2018-08-04
1111112184,14806361,2018-11-14
1111112185,38984196,2018-07-11
1111112186,26568551,2018-07-13
1111112187,33103101,2018-10-13
1111112188,30489281,2018-09-13
1111112189,10232176,2018-08-06
1111112190,23301276,2018-04-21
1111112191,16766726,2018-03-16
1111112192,11539086,2018-12-03
1111112193,27875461,2018-04-15
1111112194,10885631,2018-07-01
1111112195,23954731,2018-10-10
1111112196,12192541,2018-04-17
1111112197,35716921,2018-01-19
1111112198,40291106,2018-11-23
1111112199,39637651,2018-07-25
1111112200,20687456,2018-08-01
1111112201,19380546,2018-01-05
1111112202,35063466,2018-09-18
1111112203,25915096,2018-11-17
1111112204,32449646,2018-07-06
1111112205,31796191,2018-04-16
1111112206,15459816,2018-08-07
1111112207,41598016,2018-09-22
1111112208,38984196,2018-11-20
1111112209,33756556,2018-03-25
1111112210,10232176,2018-06-24
1111112211,29835826,2018-01-28
1111112212,27222006,2018-01-23
1111112213,10885631,2018-12-17
1111112214,12192541,2018-03-23
1111112215,14806361,2018-06-15
1111112216,16766726,2018-01-20
1111112217,11539086,2018-06-11
1111112218,12845996,2018-04-09
1111112219,20034001,2018-04-03
1111112220,16113271,2018-08-12
1111112221,34410011,2018-10-27
1111112222,18073636,2018-04-08
1111112223,37023831,2018-09-03
1111112224,28528916,2018-02-19
1111112225,35716921,2018-06-19
1111112226,38330741,2018-09-07
1111112227,21340911,2018-07-10
1111112228,23301276,2018-03-14
1111112229,33103101,2018-02-16
1111112230,19380546,2018-06-15
1111112231,37677286,2018-10-15
1111112232,18727091,2018-06-02
1111112233,40944561,2018-04-13
1111112234,21994366,2018-11-13
1111112235,25261641,2018-06-26
1111112236,31142736,2018-02-04
1111112237,25915096,2018-06-15
1111112238,12845996,2018-08-11
1111112239,33103101,2018-06-30
1111112240,12192541,2018-03-06
1111112241,14806361,2018-01-09
1111112242,41598016,2018-03-10
1111112243,34410011,2018-05-28
1111112244,21994366,2018-05-18
1111112245,40291106,2018-09-07
1111112246,20687456,2018-04-07
1111112247,18727091,2018-02-27
1111112248,13499451,2018-06-22
1111112249,22647821,2018-10-06
1111112250,17420181,2018-12-05
1111112251,23954731,2018-02-24
1111112252,39637651,2018-08-24
1111112253,10232176,2018-09-25
1111112254,16113271,2018-04-28
1111112255,32449646,2018-01-30
1111112256,27222006,2018-04-05
1111112257,16766726,2018-05-02
1111112258,31142736,2018-02-21
1111112259,15459816,2018-05-09
1111112260,35716921,2018-09-23
1111112261,23301276,2018-10-10
1111112262,24608186,2018-06-12
1111112263,38330741,2018-11-08
1111112264,36370376,2018-11-17
1111112265,26568551,2018-01-03
1111112266,28528916,2018-12-02
1111112267,11539086,2018-09-02
1111112268,33756556,2018-05-20
1111112269,29835826,2018-08-03
1111112270,37677286,2018-04-08
1111112271,14152906,2018-08-21
1111112272,38984196,2018-11-03
1111112273,21340911,2018-11-13
1111112274,35063466,2018-12-08
1111112275,10885631,2018-04-15
1111112276,20034001,2018-12-07
1111112277,37023831,2018-10-04
1111112278,40944561,2018-03-13
1111112279,29182371,2018-12-10
1111112280,30489281,2018-12-08
1111112281,27875461,2018-10-02
1111112282,31796191,2018-10-12
1111112283,18073636,2018-08-13
1111112284,19380546,2018-06-01
1111112285,25261641,2018-08-23
1111112286,14806361,2018-09-19
1111112287,29835826,2018-12-26
1111112288,34410011,2018-04-13
1111112289,27875461,2018-05-23
1111112290,31142736,2018-09-10
1111112291,26568551,2018-02-13
1111112292,33103101,2018-01-06
1111112293,10885631,2018-03-10
1111112294,40291106,2018-01-21
1111112295,11539086,2018-04-01
1111112296,37677286,2018-10-01
1111112297,38984196,2018-12-17
1111112298,31796191,2018-12-23
1111112299,10232176,2018-06-21
1111112300,18727091,2018-03-06
1111112301,38330741,2018-05-25
1111112302,37023831,2018-07-16
1111112303,30489281,2018-07-05
1111112304,18073636,2018-05-04
1111112305,19380546,2018-06-19
1111112306,25261641,2018-06-15
1111112307,39637651,2018-05-12
1111112308,35716921,2018-07-16
1111112309,40944561,2018-07-15
1111112310,13499451,2018-07-07
1111112311,23954731,2018-08-07
1111112312,25915096,2018-10-04
1111112313,23301276,2018-01-28
1111112314,36370376,2018-05-18
1111112315,28528916,2018-12-18
1111112316,12845996,2018-11-20
1111112317,22647821,2018-11-05
1111112318,32449646,2018-06-28
1111112319,27222006,2018-04-01
1111112320,14806361,2018-10-04
1111112321,18727091,2018-07-22
1111112322,21994366,2018-06-25
1111112323,12192541,2018-05-28
1111112324,16113271,2018-01-18
1111112325,35716921,2018-01-09
1111112326,40944561,2018-03-28
1111112327,29182371,2018-02-18
1111112328,18073636,2018-05-30
1111112329,35063466,2018-10-24
1111112330,20687456,2018-03-20
1111112331,33756556,2018-06-07
1111112332,40291106,2018-12-10
1111112333,37677286,2018-04-14
1111112334,30489281,2018-06-07
1111112335,27222006,2018-04-28
1111112336,20034001,2018-10-08
1111112337,19380546,2018-07-18
1111112338,16766726,2018-11-04
1111112339,10232176,2018-10-07
1111112340,22647821,2018-07-14
1111112341,34410011,2018-08-03
1111112342,13499451,2018-09-07
1111112343,36370376,2018-03-17
1111112344,28528916,2018-03-23
1111112345,21340911,2018-08-16
1111112346,27875461,2018-08-21
1111112347,31142736,2018-03-14
1111112348,25261641,2018-04-27
1111112349,23954731,2018-11-01
1111112350,14152906,2018-04-28
1111112351,33103101,2018-09-16
1111112352,23301276,2018-06-29
1111112353,10885631,2018-10-17
1111112354,38984196,2018-03-18
1111112355,31796191,2018-04-18
1111112356,32449646,2018-01-28
1111112357,24608186,2018-05-09
1111112358,12845996,2018-11-19
1111112359,26568551,2018-03-30
1111112360,38330741,2018-07-07
1111112361,39637651,2018-07-26
1111112362,41598016,2018-01-19
1111112363,17420181,2018-07-14
1111112364,15459816,2018-12-19
1111112365,29835826,2018-07-14
1111112366,11539086,2018-10-27
1111112367,37023831,2018-09-23
1111112368,25915096,2018-09-05
1111112369,24608186,2018-04-27
1111112370,16113271,2018-03-22
1111112371,10232176,2018-06-08
1111112372,11539086,2018-05-12
1111112373,34410011,2018-03-28
1111112374,27875461,2018-10-22
1111112375,31796191,2018-03-09
1111112376,27222006,2018-09-01
1111112377,10885631,2018-05-06
1111112378,25261641,2018-06-03
1111112379,30489281,2018-10-05
1111112380,17420181,2018-05-01
1111112381,14806361,2018-07-29
1111112382,29182371,2018-06-16
1111112383,37677286,2018-07-01
1111112384,20034001,2018-06-02
1111112385,38330741,2018-01-12
1111112386,18727091,2018-06-18
1111112387,40291106,2018-12-11
1111112388,33103101,2018-12-14
1111112389,23301276,2018-06-14
1111112390,26568551,2018-08-19
1111112391,12192541,2018-07-19
1111112392,41598016,2018-02-02
1111112393,29835826,2018-06-02
1111112394,37023831,2018-02-04
1111112395,23954731,2018-10-03
1111112396,25915096,2018-12-02
1111112397,35063466,2018-01-14
1111112398,32449646,2018-01-12
1111112399,35716921,2018-01-25
1111112400,36370376,2018-11-18
1111112401,38984196,2018-05-30
1111112402,15459816,2018-08-20
1111112403,21994366,2018-01-29
1111112404,19380546,2018-10-14
1111112405,14152906,2018-03-19
1111112406,40944561,2018-08-16
1111112407,20687456,2018-12-21
1111112408,13499451,2018-06-30
1111112409,21340911,2018-06-24
1111112410,39637651,2018-02-04
1111112411,33756556,2018-07-07
1111112412,31142736,2018-05-22
1111112413,12845996,2018-11-03
1111112414,18073636,2018-04-04
1111112415,28528916,2018-12-13
1111112416,16766726,2018-09-22
1111112417,22647821,2018-03-28
1111112418,25261641,2018-12-07
1111112419,29182371,2018-02-28
1111112420,25915096,2018-01-25
1111112421,32449646,2018-05-14
1111112422,36370376,2018-06-07
1111112423,22647821,2018-05-27
1111112424,20034001,2018-03-06
1111112425,41598016,2018-02-25
1111112426,14806361,2018-11-27
1111112427,33103101,2018-12-24
1111112428,18073636,2018-12-03
1111112429,27875461,2018-10-25
1111112430,17420181,2018-03-18
1111112431,23954731,2018-04-21
1111112432,31142736,2018-09-05
1111112433,35063466,2018-07-09
1111112434,16766726,2018-02-07
1111112435,23301276,2018-08-02
1111112436,13499451,2018-01-27
1111112437,29835826,2018-10-12
1111112438,38984196,2018-08-08
1111112439,24608186,2018-10-18
1111112440,16113271,2018-12-18
1111112441,30489281,2018-06-29
1111112442,12192541,2018-01-28
1111112443,15459816,2018-08-12
1111112444,10885631,2018-03-19
1111112445,18727091,2018-06-10
1111112446,14152906,2018-10-03
1111112447,33756556,2018-04-16
1111112448,10232176,2018-01-30
1111112449,27222006,2018-09-18
1111112450,20687456,2018-08-01
1111112451,37677286,2018-03-17
1111112452,37023831,2018-09-30
1111112453,19380546,2018-09-22
1111112454,28528916,2018-10-19
1111112455,38330741,2018-09-02
1111112456,26568551,2018-03-17
1111112457,21994366,2018-02-22
1111112458,31796191,2018-05-17
1111112459,40291106,2018-08-11
1111112460,40944561,2018-02-04
1111112461,39637651,2018-01-29
1111112462,11539086,2018-06-07
1111112463,17420181,2018-05-13
1111112464,10885631,2018-07-30
1111112465,29835826,2018-07-05
1111112466,38330741,2018-03-28
1111112467,27875461,2018-12-15
1111112468,41598016,2018-11-06
1111112469,31142736,2018-07-21
1111112470,23301276,2018-12-03
1111112471,37677286,2018-07-17
1111112472,21994366,2018-07-10
1111112473,34410011,2018-03-20
1111112474,10232176,2018-08-05
1111112475,14806361,2018-09-02
1111112476,18073636,2018-02-09
1111112477,18727091,2018-10-09
1111112478,28528916,2018-09-19
1111112479,30489281,2018-11-25
1111112480,33756556,2018-08-15
1111112481,27222006,2018-04-20
1111112482,40291106,2018-02-27
1111112483,11539086,2018-12-08
1111112484,12845996,2018-09-01
1111112485,23954731,2018-09-27
1111112486,26568551,2018-02-28
1111112487,13499451,2018-09-18
1111112488,19380546,2018-09-08
1111112489,40944561,2018-08-15
1111112490,20034001,2018-04-11
1111112491,15459816,2018-01-09
1111112492,37023831,2018-10-21
1111112493,14152906,2018-03-28
1111112494,21340911,2018-06-20
1111112495,36370376,2018-05-16
1111112496,35063466,2018-04-19
1111112497,25915096,2018-01-28
1111112498,38984196,2018-10-02
1111112499,16113271,2018-06-02
1111112500,12192541,2018-09-23
1111112501,29182371,2018-12-20
1111112502,33103101,2018-07-29
1111112503,16766726,2018-06-12
1111112504,39637651,2018-01-23
1111112505,35716921,2018-11-12
1111112506,20687456,2018-01-29
1111112507,31796191,2018-12-20
1111112508,25261641,2018-06-09
1111112509,32449646,2018-04-04
1111112510,22647821,2018-07-15
1111112511,24608186,2018-01-22
1111112512,10885631,2018-03-11
1111112513,41598016,2018-06-09
1111112514,18073636,2018-03-25
1111112515,12845996,2018-04-15
1111112516,14152906,2018-07-06
1111112517,33103101,2018-05-18
1111112518,38330741,2018-12-13
1111112519,27222006,2018-08-13
1111112520,10232176,2018-03-29
1111112521,20034001,2018-03-04
1111112522,39637651,2018-09-17
1111112523,29835826,2018-04-09
1111112524,30489281,2018-06-07
1111112525,13499451,2018-11-03
1111112526,21340911,2018-05-22
1111112527,35716921,2018-06-17
1111112528,31796191,2018-01-08
1111112529,32449646,2018-10-21
1111112530,37677286,2018-05-29
1111112531,34410011,2018-11-15
1111112532,18727091,2018-03-03
1111112533,26568551,2018-06-11
1111112534,16113271,2018-07-19
1111112535,35063466,2018-10-12
1111112536,33756556,2018-12-02
1111112537,19380546,2018-08-04
1111112538,15459816,2018-03-26
1111112539,28528916,2018-12-07
1111112540,27875461,2018-02-16
1111112541,23301276,2018-10-23
1111112542,21994366,2018-01-30
1111112543,36370376,2018-12-09
1111112544,12192541,2018-12-12
1111112545,29182371,2018-07-29
1111112546,31142736,2018-03-05
1111112547,40291106,2018-03-06
1111112548,20687456,2018-12-14
1111112549,25261641,2018-08-21
1111112550,22647821,2018-11-21
1111112551,24608186,2018-06-10
1111112552,17420181,2018-10-03
1111112553,23954731,2018-06-26
1111112554,38984196,2018-11-06
1111112555,14806361,2018-05-07
1111112556,25915096,2018-07-30
1111112557,16766726,2018-12-19
1111112558,37023831,2018-10-23
1111112559,11539086,2018-05-11
1111112560,40944561,2018-09-14
1111112561,18073636,2018-02-25
1111112562,30489281,2018-03-29
1111112563,29182371,2018-02-12
1111112564,39637651,2018-09-04
1111112565,16766726,2018-11-25
1111112566,11539086,2018-11-30
1111112567,12845996,2018-12-07
1111112568,21994366,2018-07-26
1111112569,32449646,2018-04-06
1111112570,40291106,2018-08-13
1111112571,24608186,2018-04-17
1111112572,29835826,2018-02-14
1111112573,34410011,2018-10-27
1111112574,35716921,2018-03-11
1111112575,41598016,2018-11-04
1111112576,38330741,2018-04-19
1111112577,26568551,2018-01-06
1111112578,20687456,2018-03-25
1111112579,14152906,2018-12-05
1111112580,21340911,2018-12-21
1111112581,33103101,2018-09-20
1111112582,27222006,2018-11-17
1111112583,13499451,2018-05-30
1111112584,19380546,2018-07-09
1111112585,36370376,2018-02-11
1111112586,33756556,2018-01-04
1111112587,27875461,2018-04-24
1111112588,25915096,2018-06-04
1111112589,10232176,2018-07-30
1111112590,23301276,2018-12-25
1111112591,12192541,2018-05-03
1111112592,17420181,2018-11-11
1111112593,35063466,2018-09-01
1111112594,22647821,2018-05-06
1111112595,23954731,2018-06-27
1111112596,14806361,2018-08-19
1111112597,37677286,2018-06-11
1111112598,15459816,2018-05-02
1111112599,40944561,2018-10-27
1111112600,10885631,2018-12-29
1111112601,25261641,2018-06-19
1111112602,37023831,2018-02-25
1111112603,31796191,2018-08-18
1111112604,18727091,2018-04-20
1111112605,38984196,2018-08-07
1111112606,20034001,2018-12-17
1111112607,16113271,2018-09-22
1111112608,28528916,2018-05-20
1111112609,31142736,2018-02-10
1111112610,41598016,2018-05-16
1111112611,16113271,2018-12-03
1111112612,22647821,2018-10-28
1111112613,15459816,2018-03-17
1111112614,30489281,2018-08-26
1111112615,26568551,2018-07-09
1111112616,25261641,2018-03-08
1111112617,12845996,2018-03-02
1111112618,40291106,2018-09-25
1111112619,27222006,2018-03-21
1111112620,33756556,2018-02-28
1111112621,37023831,2018-11-07
1111112622,16766726,2018-04-27
1111112623,11539086,2018-05-06
1111112624,39637651,2018-10-10
1111112625,13499451,2018-12-11
1111112626,35063466,2018-06-15
1111112627,28528916,2018-05-25
1111112628,40944561,2018-10-07
1111112629,10885631,2018-05-18
1111112630,32449646,2018-06-18
1111112631,24608186,2018-11-12
1111112632,23954731,2018-10-01
1111112633,31796191,2018-06-04
1111112634,18727091,2018-10-14
1111112635,21340911,2018-01-09
1111112636,14806361,2018-04-23
1111112637,38984196,2018-10-17
1111112638,34410011,2018-03-06
1111112639,19380546,2018-05-16
1111112640,25915096,2018-12-19
1111112641,23301276,2018-09-24
1111112642,14152906,2018-12-23
1111112643,33103101,2018-04-07
1111112644,21994366,2018-12-12
1111112645,29835826,2018-07-07
1111112646,37677286,2018-03-14
1111112647,35716921,2018-03-08
1111112648,38330741,2018-05-09
1111112649,12192541,2018-07-01
1111112650,31142736,2018-07-17
1111112651,17420181,2018-07-27
1111112652,18073636,2018-08-30
1111112653,27875461,2018-07-27
1111112654,20034001,2018-02-07
1111112655,20687456,2018-09-24
1111112656,10232176,2018-02-23
1111112657,29182371,2018-10-24
1111112658,36370376,2018-07-15
1111112659,16113271,2018-05-01
1111112660,10885631,2018-08-24
1111112661,21340911,2018-01-24
1111112662,36370376,2018-10-02
1111112663,41598016,2018-06-30
1111112664,14806361,2018-02-02
1111112665,25915096,2018-10-04
1111112666,33103101,2018-01-12
1111112667,17420181,2018-02-01
1111112668,22647821,2018-12-25
1111112669,27875461,2018-09-01
1111112670,31142736,2018-11-04
1111112671,15459816,2018-02-05
1111112672,18727091,2018-05-03
1111112673,21994366,2018-07-20
1111112674,35063466,2018-03-24
1111112675,40944561,2018-03-08
1111112676,12192541,2018-01-25
1111112677,25261641,2018-10-23
1111112678,33756556,2018-11-29
1111112679,38984196,2018-08-13
1111112680,12845996,2018-09-07
1111112681,31796191,2018-06-19
1111112682,29182371,2018-03-22
1111112683,23301276,2018-02-14
1111112684,34410011,2018-05-29
1111112685,37677286,2018-08-07
1111112686,35716921,2018-10-27
1111112687,38330741,2018-10-13
1111112688,10232176,2018-12-14
1111112689,30489281,2018-04-24
1111112690,27222006,2018-07-30
1111112691,16766726,2018-07-15
1111112692,13499451,2018-06-27
1111112693,37023831,2018-12-08
1111112694,19380546,2018-01-08
1111112695,39637651,2018-06-29
1111112696,18073636,2018-08-15
1111112697,11539086,2018-12-01
1111112698,32449646,2018-03-25
1111112699,23954731,2018-05-05
1111112700,29835826,2018-09-21
1111112701,26568551,2018-07-28
1111112702,24608186,2018-04-27
1111112703,20687456,2018-03-28
1111112704,40291106,2018-05-09
1111112705,28528916,2018-10-09
1111112706,14152906,2018-04-15
1111112707,20034001,2018-09-04
1111112708,27222006,2018-06-22
1111112709,33103101,2018-02-04
1111112710,33756556,2018-12-02
1111112711,21340911,2018-09-22
1111112712,41598016,2018-12-10
1111112713,14806361,2018-03-01
1111112714,12192541,2018-12-24
1111112715,12845996,2018-02-28
1111112716,34410011,2018-12-18
1111112717,23954731,2018-04-07
1111112718,37023831,2018-01-21
1111112719,31142736,2018-07-28
1111112720,26568551,2018-11-26
1111112721,40291106,2018-04-18
1111112722,25261641,2018-04-25
1111112723,11539086,2018-06-23
1111112724,36370376,2018-04-24
1111112725,27875461,2018-04-04
1111112726,15459816,2018-01-20
1111112727,35063466,2018-10-13
1111112728,20687456,2018-10-30
1111112729,31796191,2018-07-30
1111112730,30489281,2018-04-27
1111112731,17420181,2018-03-03
1111112732,37677286,2018-03-17
1111112733,38330741,2018-05-20
1111112734,14152906,2018-11-19
1111112735,16113271,2018-08-27
1111112736,16766726,2018-05-15
1111112737,18727091,2018-08-27
1111112738,21994366,2018-10-28
1111112739,10232176,2018-05-28
1111112740,13499451,2018-02-11
1111112741,39637651,2018-08-16
1111112742,24608186,2018-09-28
1111112743,10885631,2018-03-03
1111112744,23301276,2018-08-16
1111112745,35716921,2018-03-23
1111112746,19380546,2018-10-08
1111112747,28528916,2018-06-11
1111112748,29182371,2018-06-26
1111112749,20034001,2018-11-05
1111112750,22647821,2018-04-10
1111112751,40944561,2018-10-18
1111112752,32449646,2018-04-12
1111112753,25915096,2018-09-12
1111112754,38984196,2018-04-04
1111112755,18073636,2018-10-08
1111112756,29835826,2018-08-07
1111112757,27875461,2018-10-26
1111112758,38984196,2018-02-02
1111112759,41598016,2018-11-25
1111112760,38330741,2018-11-10
1111112761,25915096,2018-11-24
1111112762,18073636,2018-04-10
1111112763,33103101,2018-11-10
1111112764,34410011,2018-11-09
1111112765,17420181,2018-10-24
1111112766,24608186,2018-10-17
1111112767,40291106,2018-10-26
1111112768,29182371,2018-01-02
1111112769,40944561,2018-02-02
1111112770,26568551,2018-10-06
1111112771,18727091,2018-03-13
1111112772,21994366,2018-05-24
1111112773,23301276,2018-10-23
1111112774,20034001,2018-09-18
1111112775,32449646,2018-05-04
1111112776,30489281,2018-08-24
1111112777,12845996,2018-10-18
1111112778,14806361,2018-10-18
1111112779,11539086,2018-12-11
1111112780,20687456,2018-03-19
1111112781,39637651,2018-08-12
1111112782,22647821,2018-10-02
1111112783,31796191,2018-11-25
1111112784,23954731,2018-07-13
1111112785,31142736,2018-03-12
1111112786,10885631,2018-11-21
1111112787,35716921,2018-07-01
1111112788,10232176,2018-11-01
1111112789,13499451,2018-09-08
1111112790,29835826,2018-09-01
1111112791,21340911,2018-11-09
1111112792,12192541,2018-11-14
1111112793,37023831,2018-09-29
1111112794,15459816,2018-09-08
1111112795,28528916,2018-11-14
1111112796,33756556,2018-06-21
1111112797,25261641,2018-05-27
1111112798,37677286,2018-12-11
1111112799,27222006,2018-02-06
1111112800,36370376,2018-09-28
1111112801,35063466,2018-08-08
1111112802,14152906,2018-07-30
1111112803,16766726,2018-11-04
1111112804,16113271,2018-09-24
1111112805,19380546,2018-06-01
1111112806,32449646,2018-04-03
1111112807,10885631,2018-02-16
1111112808,33756556,2018-07-16
1111112809,24608186,2018-09-20
1111112810,14806361,2018-11-22
1111112811,19380546,2018-05-29
1111112812,17420181,2018-01-09
1111112813,35716921,2018-07-22
1111112814,12192541,2018-01-22
1111112815,27222006,2018-11-23
1111112816,38984196,2018-08-19
1111112817,21340911,2018-08-30
1111112818,14152906,2018-11-23
1111112819,26568551,2018-04-28
1111112820,21994366,2018-10-17
1111112821,11539086,2018-05-26
1111112822,20687456,2018-11-07
1111112823,16113271,2018-01-21
1111112824,20034001,2018-12-10
1111112825,22647821,2018-08-18
1111112826,27875461,2018-05-29
1111112827,41598016,2018-09-09
1111112828,38330741,2018-08-09
1111112829,18727091,2018-05-28
1111112830,12845996,2018-08-28
1111112831,10232176,2018-02-02
1111112832,23954731,2018-05-24
1111112833,31142736,2018-08-16
1111112834,25261641,2018-06-11
1111112835,33103101,2018-12-25
1111112836,18073636,2018-08-07
1111112837,30489281,2018-07-19
1111112838,13499451,2018-01-21
1111112839,34410011,2018-03-07
1111112840,40291106,2018-08-19
1111112841,29182371,2018-03-16
1111112842,25915096,2018-12-24
1111112843,29835826,2018-06-30
1111112844,37677286,2018-08-30
1111112845,16766726,2018-10-01
1111112846,40944561,2018-02-24
1111112847,37023831,2018-10-29
1111112848,15459816,2018-08-24
1111112849,28528916,2018-11-06
1111112850,35063466,2018-11-14
1111112851,39637651,2018-05-09
1111112852,23301276,2018-08-19
1111112853,31796191,2018-09-15
1111112854,36370376,2018-08-10
1111112855,21340911,2018-12-29
1111112856,35716921,2018-07-06
1111112857,13499451,2018-08-04
1111112858,16766726,2018-08-14
1111112859,33756556,2018-02-28
1111112860,14806361,2018-06-08
1111112861,11539086,2018-04-08
1111112862,12845996,2018-06-12
1111112863,31796191,2018-11-18
1111112864,30489281,2018-09-06
1111112865,25915096,2018-11-30
1111112866,19380546,2018-05-24
1111112867,40291106,2018-07-01
1111112868,10885631,2018-07-02
1111112869,16113271,2018-04-21
1111112870,18727091,2018-05-07
1111112871,10232176,2018-08-11
1111112872,40944561,2018-12-27
1111112873,28528916,2018-06-01
1111112874,25261641,2018-12-17
1111112875,18073636,2018-09-27
1111112876,15459816,2018-01-27
1111112877,36370376,2018-11-17
1111112878,21994366,2018-09-01
1111112879,39637651,2018-05-25
1111112880,29835826,2018-12-15
1111112881,41598016,2018-02-13
1111112882,33103101,2018-05-15
1111112883,32449646,2018-10-02
1111112884,12192541,2018-01-17
1111112885,20687456,2018-04-16
1111112886,23954731,2018-12-06
1111112887,23301276,2018-01-01
1111112888,37677286,2018-03-02
1111112889,27875461,2018-05-20
1111112890,38984196,2018-09-06
1111112891,20034001,2018-11-19
1111112892,38330741,2018-02-28
1111112893,29182371,2018-10-04
1111112894,26568551,2018-07-16
1111112895,31142736,2018-01-13
1111112896,35063466,2018-07-12
1111112897,24608186,2018-10-03
1111112898,27222006,2018-06-12
1111112899,22647821,2018-05-08
1111112900,34410011,2018-01-22
1111112901,37023831,2018-02-24
1111112902,17420181,2018-04-10
1111112903,14152906,2018-11-07
1111112904,27222006,2018-03-09
1111112905,35716921,2018-01-25
1111112906,34410011,2018-02-03
1111112907,18073636,2018-05-15
1111112908,15459816,2018-04-16
1111112909,20687456,2018-01-26
1111112910,29835826,2018-11-19
1111112911,12192541,2018-09-05
1111112912,29182371,2018-10-19
1111112913,14152906,2018-06-23
1111112914,25915096,2018-10-16
1111112915,16113271,2018-10-17
1111112916,25261641,2018-08-09
1111112917,23954731,2018-12-18
1111112918,23301276,2018-01-23
1111112919,38984196,2018-07-05
1111112920,40944561,2018-02-06
1111112921,38330741,2018-07-29
1111112922,31142736,2018-04-07
1111112923,18727091,2018-04-16
1111112924,10885631,2018-05-22
1111112925,10232176,2018-12-04
1111112926,13499451,2018-02-28
1111112927,35063466,2018-01-10
1111112928,22647821,2018-09-25
1111112929,12845996,2018-05-21
1111112930,30489281,2018-01-21
1111112931,37677286,2018-09-19
1111112932,20034001,2018-03-07
1111112933,19380546,2018-10-10
1111112934,33103101,2018-03-19
1111112935,14806361,2018-12-20
1111112936,28528916,2018-08-04
1111112937,21994366,2018-09-06
1111112938,33756556,2018-12-04
1111112939,21340911,2018-07-16
1111112940,11539086,2018-08-20
1111112941,31796191,2018-02-10
1111112942,26568551,2018-06-01
1111112943,16766726,2018-05-09
1111112944,40291106,2018-05-24
1111112945,32449646,2018-03-21
1111112946,24608186,2018-06-17
1111112947,41598016,2018-01-10
1111112948,36370376,2018-09-24
1111112949,27875461,2018-02-03
1111112950,37023831,2018-01-05
1111112951,39637651,2018-01-24
1111112952,17420181,2018-12-22
1111112953,14152906,2018-04-22
1111112954,22647821,2018-04-03
1111112955,31796191,2018-01-23
1111112956,16766726,2018-03-04
1111112957,41598016,2018-08-09
1111112958,16113271,2018-03-01
1111112959,37023831,2018-04-11
1111112960,34410011,2018-05-14
1111112961,38984196,2018-07-22
1111112962,27222006,2018-09-12
1111112963,18727091,2018-02-25
1111112964,19380546,2018-10-19
1111112965,21994366,2018-09-16
1111112966,32449646,2018-07-14
1111112967,12192541,2018-06-10
1111112968,25915096,2018-01-07
1111112969,35063466,2018-11-01
1111112970,33103101,2018-09-24
1111112971,25261641,2018-07-05
1111112972,12845996,2018-07-06
1111112973,40944561,2018-05-07
1111112974,33756556,2018-07-08
1111112975,20687456,2018-05-11
1111112976,18073636,2018-12-23
1111112977,10885631,2018-07-04
1111112978,10232176,2018-01-14
1111112979,28528916,2018-06-24
1111112980,27875461,2018-11-24
1111112981,29835826,2018-11-12
1111112982,38330741,2018-06-05
1111112983,37677286,2018-02-13
1111112984,29182371,2018-05-09
1111112985,23301276,2018-07-06
1111112986,31142736,2018-12-03
1111112987,21340911,2018-02-02
1111112988,36370376,2018-04-19
1111112989,17420181,2018-12-27
1111112990,13499451,2018-12-21
1111112991,24608186,2018-10-19
1111112992,39637651,2018-05-23
1111112993,30489281,2018-08-06
1111112994,11539086,2018-01-26
1111112995,35716921,2018-10-28
1111112996,23954731,2018-09-14
1111112997,20034001,2018-07-01
1111112998,15459816,2018-08-05
1111112999,14806361,2018-08-01
1111113000,40291106,2018-06-19
1111113001,26568551,2018-08-06
1111113002,33756556,2018-02-25
1111113003,17420181,2018-09-12
1111113004,26568551,2018-07-14
1111113005,31796191,2018-01-29
1111113006,21994366,2018-11-06
1111113007,38330741,2018-08-21
1111113008,22647821,2018-04-08
1111113009,27222006,2018-05-23
1111113010,32449646,2018-02-14
1111113011,33103101,2018-10-29
1111113012,27875461,2018-11-23
1111113013,29835826,2018-04-12
1111113014,23301276,2018-03-02
1111113015,18727091,2018-08-17
1111113016,20687456,2018-08-21
1111113017,28528916,2018-06-10
1111113018,16766726,2018-11-20
1111113019,34410011,2018-04-30
1111113020,40944561,2018-09-24
1111113021,31142736,2018-12-03
1111113022,12845996,2018-04-18
1111113023,11539086,2018-03-08
1111113024,16113271,2018-06-20
1111113025,37677286,2018-03-04
1111113026,36370376,2018-03-15
1111113027,19380546,2018-03-23
1111113028,29182371,2018-05-21
1111113029,14152906,2018-11-20
1111113030,37023831,2018-03-28
1111113031,13499451,2018-09-02
1111113032,15459816,2018-10-06
1111113033,25915096,2018-12-08
1111113034,39637651,2018-05-01
1111113035,40291106,2018-03-17
1111113036,12192541,2018-11-30
1111113037,10232176,2018-08-08
1111113038,23954731,2018-06-12
1111113039,14806361,2018-08-11
1111113040,25261641,2018-01-13
1111113041,24608186,2018-12-08
1111113042,30489281,2018-02-28
1111113043,20034001,2018-08-06
1111113044,41598016,2018-02-05
1111113045,35063466,2018-02-23
1111113046,21340911,2018-05-04
1111113047,10885631,2018-11-04
1111113048,18073636,2018-11-23
1111113049,38984196,2018-02-05
1111113050,35716921,2018-01-22
1111113051,26568551,2018-02-13
1111113052,37677286,2018-09-25
1111113053,27875461,2018-10-19
1111113054,23954731,2018-08-18
1111113055,38330741,2018-01-23
1111113056,21994366,2018-11-17
1111113057,19380546,2018-06-11
1111113058,29182371,2018-09-01
1111113059,10885631,2018-04-05
1111113060,28528916,2018-03-30
1111113061,30489281,2018-08-23
1111113062,15459816,2018-06-13
1111113063,36370376,2018-12-14
1111113064,12192541,2018-05-04
1111113065,24608186,2018-11-12
1111113066,20034001,2018-05-15
1111113067,39637651,2018-08-30
1111113068,40291106,2018-03-07
1111113069,38984196,2018-06-17
1111113070,22647821,2018-11-08
1111113071,29835826,2018-03-17
1111113072,20687456,2018-08-03
1111113073,14152906,2018-09-04
1111113074,33756556,2018-11-26
1111113075,16113271,2018-08-09
1111113076,31796191,2018-06-09
1111113077,16766726,2018-12-09
1111113078,27222006,2018-06-21
1111113079,34410011,2018-06-06
1111113080,11539086,2018-05-06
1111113081,25915096,2018-05-22
1111113082,25261641,2018-05-27
1111113083,37023831,2018-04-06
1111113084,14806361,2018-01-08
1111113085,21340911,2018-10-17
1111113086,31142736,2018-02-15
1111113087,10232176,2018-07-07
1111113088,40944561,2018-09-23
1111113089,33103101,2018-06-09
1111113090,17420181,2018-10-16
1111113091,23301276,2018-07-16
1111113092,18073636,2018-04-29
1111113093,32449646,2018-10-04
1111113094,12845996,2018-03-30
1111113095,13499451,2018-05-09
1111113096,35063466,2018-04-06
1111113097,35716921,2018-10-05
1111113098,18727091,2018-12-05
1111113099,41598016,2018-04-14
1111113100,38330741,2018-09-19
1111113101,14152906,2018-11-18
1111113102,13499451,2018-05-01
1111113103,37677286,2018-02-19
1111113104,35716921,2018-01-25
1111113105,23954731,2018-04-20
1111113106,18727091,2018-09-21
1111113107,39637651,2018-08-22
1111113108,23301276,2018-12-01
1111113109,26568551,2018-10-24
1111113110,15459816,2018-05-24
1111113111,36370376,2018-04-08
1111113112,11539086,2018-05-29
1111113113,19380546,2018-07-13
1111113114,27222006,2018-12-06
1111113115,21340911,2018-01-25
1111113116,32449646,2018-12-11
1111113117,21994366,2018-08-19
1111113118,12192541,2018-09-27
1111113119,38984196,2018-03-11
1111113120,25915096,2018-02-15
1111113121,41598016,2018-10-13
1111113122,40291106,2018-10-29
1111113123,40944561,2018-01-26
1111113124,20034001,2018-02-26
1111113125,16766726,2018-08-04
1111113126,34410011,2018-01-28
1111113127,33103101,2018-09-12
1111113128,30489281,2018-07-25
1111113129,20687456,2018-06-25
1111113130,33756556,2018-06-20
1111113131,25261641,2018-02-05
1111113132,27875461,2018-02-19
1111113133,28528916,2018-09-12
1111113134,14806361,2018-12-20
1111113135,18073636,2018-02-28
1111113136,35063466,2018-11-23
1111113137,10885631,2018-10-19
1111113138,22647821,2018-11-27
1111113139,10232176,2018-07-17
1111113140,17420181,2018-09-13
1111113141,37023831,2018-04-19
1111113142,24608186,2018-07-27
1111113143,16113271,2018-09-27
1111113144,27222006,2018-06-18
1111113145,25261641,2018-01-30
1111113146,18073636,2018-04-01
1111113147,20034001,2018-02-07
1111113148,37677286,2018-11-30
1111113149,11539086,2018-03-24
1111113150,25915096,2018-04-23
1111113151,27875461,2018-01-11
1111113152,10232176,2018-10-08
1111113153,35716921,2018-10-11
1111113154,26568551,2018-12-22
1111113155,35063466,2018-09-15
1111113156,41598016,2018-03-09
1111113157,38330741,2018-10-25
1111113158,13499451,2018-11-19
1111113159,39637651,2018-06-16
1111113160,23301276,2018-08-21
1111113161,21340911,2018-11-09
1111113162,28528916,2018-07-16
1111113163,31142736,2018-07-16
1111113164,29182371,2018-12-03
1111113165,18727091,2018-09-16
1111113166,16766726,2018-10-22
1111113167,22647821,2018-02-07
1111113168,40944561,2018-04-02
1111113169,37023831,2018-08-30
1111113170,31796191,2018-12-12
1111113171,15459816,2018-01-26
1111113172,33756556,2018-12-30
1111113173,10885631,2018-08-20
1111113174,14152906,2018-10-02
1111113175,40291106,2018-01-25
1111113176,28528916,2018-09-25
1111113177,32449646,2018-01-25
1111113178,21340911,2018-04-27
1111113179,27222006,2018-12-27
1111113180,39637651,2018-12-06
1111113181,40944561,2018-07-17
1111113182,18073636,2018-03-12
1111113183,41598016,2018-08-23
1111113184,17420181,2018-07-14
1111113185,38984196,2018-09-11
1111113186,15459816,2018-02-02
1111113187,25261641,2018-08-16
1111113188,11539086,2018-05-06
1111113189,22647821,2018-12-24
1111113190,24608186,2018-11-05
1111113191,25915096,2018-04-16
1111113192,35716921,2018-12-17
1111113193,23301276,2018-01-26
1111113194,33756556,2018-10-03
1111113195,12192541,2018-12-21
1111113196,31796191,2018-03-13
1111113197,34410011,2018-01-15
1111113198,14806361,2018-11-25
1111113199,38330741,2018-11-26
1111113200,29835826,2018-09-09
1111113201,16113271,2018-11-07
1111113202,21994366,2018-06-22
1111113203,35063466,2018-08-10
1111113204,18727091,2018-04-14
1111113205,19380546,2018-12-09
1111113206,10232176,2018-05-11
1111113207,13499451,2018-10-29
1111113208,36370376,2018-06-18
1111113209,14152906,2018-03-15
1111113210,30489281,2018-01-18
1111113211,33103101,2018-07-26
1111113212,12845996,2018-03-28
1111113213,16766726,2018-07-22
1111113214,37023831,2018-06-05
1111113215,27875461,2018-10-28
1111113216,10885631,2018-08-07
1111113217,37677286,2018-07-28
1111113218,29182371,2018-10-19
1111113219,26568551,2018-01-17
1111113220,20687456,2018-03-23
1111113221,23954731,2018-04-30
1111113222,20034001,2018-03-11
1111113223,31142736,2018-02-28
1111113224,40291106,2018-04-28
1111113225,23954731,2018-07-11
1111113226,21340911,2018-11-10
1111113227,27222006,2018-04-07
1111113228,30489281,2018-03-15
1111113229,22647821,2018-06-22
1111113230,35716921,2018-07-26
1111113231,29835826,2018-01-25
1111113232,33756556,2018-06-02
1111113233,34410011,2018-05-11
1111113234,41598016,2018-09-01
1111113235,19380546,2018-12-24
1111113236,24608186,2018-08-07
1111113237,21994366,2018-12-16
1111113238,35063466,2018-12-12
1111113239,28528916,2018-12-22
1111113240,18073636,2018-08-06
1111113241,13499451,2018-06-10
1111113242,32449646,2018-01-08
1111113243,37023831,2018-03-17
1111113244,20687456,2018-01-10
1111113245,40944561,2018-04-09
1111113246,11539086,2018-10-29
1111113247,31796191,2018-12-25
1111113248,14806361,2018-06-20
1111113249,17420181,2018-03-22
1111113250,15459816,2018-01-04
1111113251,10232176,2018-02-15
1111113252,33103101,2018-10-30
1111113253,20034001,2018-03-05
1111113254,31142736,2018-06-09
1111113255,37677286,2018-04-17
1111113256,39637651,2018-10-16
1111113257,18727091,2018-08-26
1111113258,25261641,2018-09-20
1111113259,40291106,2018-01-07
1111113260,23954731,2018-05-17
1111113261,35063466,2018-04-06
1111113262,18073636,2018-11-29
1111113263,20687456,2018-12-30
1111113264,21994366,2018-01-19
1111113265,36370376,2018-09-06
1111113266,10885631,2018-11-15
1111113267,40944561,2018-07-13
1111113268,31796191,2018-11-10
1111113269,23301276,2018-11-27
1111113270,14152906,2018-05-18
1111113271,19380546,2018-10-05
1111113272,38330741,2018-04-13
1111113273,28528916,2018-10-19
1111113274,21340911,2018-02-28
1111113275,14806361,2018-04-12
1111113276,25261641,2018-05-25
1111113277,38984196,2018-02-08
1111113278,35716921,2018-11-21
1111113279,29835826,2018-02-16
1111113280,11539086,2018-01-15
1111113281,33103101,2018-02-02
1111113282,39637651,2018-01-12
1111113283,29182371,2018-04-10
1111113284,16113271,2018-03-16
1111113285,10232176,2018-09-21
1111113286,31142736,2018-11-10
1111113287,16766726,2018-11-05
1111113288,22647821,2018-05-21
1111113289,33756556,2018-11-02
1111113290,27222006,2018-01-24
1111113291,21994366,2018-04-02
1111113292,38330741,2018-09-30
1111113293,35716921,2018-06-19
1111113294,16766726,2018-03-03
1111113295,22647821,2018-08-12
1111113296,41598016,2018-03-30
1111113297,18727091,2018-07-21
1111113298,12845996,2018-01-07
1111113299,25261641,2018-10-19
1111113300,11539086,2018-08-27
1111113301,16113271,2018-10-06
1111113302,34410011,2018-05-02
1111113303,20034001,2018-03-12
1111113304,14806361,2018-07-23
1111113305,37677286,2018-08-23
1111113306,21340911,2018-01-21
1111113307,12192541,2018-03-25
1111113308,37023831,2018-11-13
1111113309,26568551,2018-01-27
1111113310,40944561,2018-12-17
1111113311,18073636,2018-05-30
1111113312,36370376,2018-11-04
1111113313,28528916,2018-05-28
1111113314,29182371,2018-08-10
1111113315,32449646,2018-11-18
1111113316,35063466,2018-07-06
1111113317,19380546,2018-09-28
1111113318,33103101,2018-03-20
1111113319,27222006,2018-07-16
1111113320,27875461,2018-02-28
1111113321,24608186,2018-03-18
1111113322,17420181,2018-11-24
1111113323,13499451,2018-02-11
1111113324,30489281,2018-10-23
1111113325,31142736,2018-07-17
1111113326,39637651,2018-09-21
1111113327,15459816,2018-07-16
1111113328,23954731,2018-11-06
1111113329,16766726,2018-08-24
1111113330,26568551,2018-05-18
1111113331,18073636,2018-06-20
1111113332,32449646,2018-11-17
1111113333,21340911,2018-09-28
1111113334,40944561,2018-06-06
1111113335,14152906,2018-09-13
1111113336,22647821,2018-09-28
1111113337,36370376,2018-02-05
1111113338,29182371,2018-05-06
1111113339,17420181,2018-06-06
1111113340,10232176,2018-11-20
1111113341,33756556,2018-12-05
1111113342,39637651,2018-07-22
1111113343,34410011,2018-12-24
1111113344,24608186,2018-08-30
1111113345,31142736,2018-06-16
1111113346,18727091,2018-12-06
1111113347,37023831,2018-11-28
1111113348,31796191,2018-05-29
1111113349,35716921,2018-05-24
1111113350,28528916,2018-08-28
1111113351,29835826,2018-05-30
1111113352,12192541,2018-07-25
1111113353,15459816,2018-01-19
1111113354,38330741,2018-12-16
1111113355,30489281,2018-08-14
1111113356,23954731,2018-03-30
1111113357,23301276,2018-12-06
1111113358,25915096,2018-07-06
1111113359,12845996,2018-08-07
1111113360,33103101,2018-06-19
1111113361,13499451,2018-06-09
1111113362,40291106,2018-07-24
1111113363,41598016,2018-09-14
1111113364,19380546,2018-05-04
1111113365,38984196,2018-07-23
1111113366,37677286,2018-07-26
1111113367,10885631,2018-11-02
1111113368,14806361,2018-04-12
1111113369,20687456,2018-01-04
1111113370,25261641,2018-09-16
1111113371,11539086,2018-08-11
1111113372,21994366,2018-10-27
1111113373,16113271,2018-04-29
1111113374,35063466,2018-07-16
1111113375,27222006,2018-09-15
1111113376,20034001,2018-10-19
1111113377,27875461,2018-12-19
1111113378,35716921,2018-01-16
1111113379,27875461,2018-10-03
1111113380,16766726,2018-01-22
1111113381,14152906,2018-01-01
1111113382,29182371,2018-11-11
1111113383,31796191,2018-11-17
1111113384,30489281,2018-07-23
1111113385,14806361,2018-09-20
1111113386,25915096,2018-08-12
1111113387,21340911,2018-03-19
1111113388,36370376,2018-09-20
1111113389,39637651,2018-09-16
1111113390,38330741,2018-12-10
1111113391,12845996,2018-07-10
1111113392,33103101,2018-03-03
1111113393,34410011,2018-04-18
1111113394,20034001,2018-07-28
1111113395,10232176,2018-08-28
1111113396,17420181,2018-10-22
1111113397,13499451,2018-05-24
1111113398,19380546,2018-02-05
1111113399,24608186,2018-04-05
1111113400,18727091,2018-10-17
1111113401,37023831,2018-05-03
1111113402,29835826,2018-09-14
1111113403,11539086,2018-03-01
1111113404,35063466,2018-03-18
1111113405,27222006,2018-03-01
1111113406,31142736,2018-05-22
1111113407,15459816,2018-07-09
1111113408,37677286,2018-09-17
1111113409,21994366,2018-03-05
1111113410,41598016,2018-01-29
1111113411,26568551,2018-06-12
1111113412,22647821,2018-11-14
1111113413,20687456,2018-12-11
1111113414,18073636,2018-09-10
1111113415,40944561,2018-03-10
1111113416,28528916,2018-01-28
1111113417,12192541,2018-12-21
1111113418,23301276,2018-12-22
1111113419,10885631,2018-07-21
1111113420,16113271,2018-08-17
1111113421,38984196,2018-11-26
1111113422,33756556,2018-11-05
1111113423,25261641,2018-03-09
1111113424,32449646,2018-12-17
1111113425,23954731,2018-12-09
1111113426,40291106,2018-09-05
1111113427,12845996,2018-03-25
1111113428,20034001,2018-01-20
1111113429,24608186,2018-11-10
1111113430,40291106,2018-08-30
1111113431,31796191,2018-05-13
1111113432,41598016,2018-02-10
1111113433,26568551,2018-07-19
1111113434,40944561,2018-11-14
1111113435,23301276,2018-01-20
1111113436,38984196,2018-04-02
1111113437,18727091,2018-07-17
1111113438,22647821,2018-05-07
1111113439,35716921,2018-12-12
1111113440,14806361,2018-11-15
1111113441,31142736,2018-03-09
1111113442,19380546,2018-02-05
1111113443,27222006,2018-06-19
1111113444,37677286,2018-06-27
1111113445,25915096,2018-09-04
1111113446,13499451,2018-01-30
1111113447,27875461,2018-06-29
1111113448,33103101,2018-08-11
1111113449,35063466,2018-06-22
1111113450,28528916,2018-04-08
1111113451,20687456,2018-02-08
1111113452,16113271,2018-01-22
1111113453,33756556,2018-08-08
1111113454,39637651,2018-12-07
1111113455,21994366,2018-09-06
1111113456,36370376,2018-11-06
1111113457,38330741,2018-04-06
1111113458,17420181,2018-03-06
1111113459,18073636,2018-02-04
1111113460,29835826,2018-12-16
1111113461,32449646,2018-02-16
1111113462,16766726,2018-08-23
1111113463,14152906,2018-06-19
1111113464,29182371,2018-09-05
1111113465,21340911,2018-08-25
1111113466,10232176,2018-04-27
1111113467,34410011,2018-04-26
1111113468,15459816,2018-12-09
1111113469,11539086,2018-01-20
1111113470,25261641,2018-08-09
1111113471,23954731,2018-11-15
1111113472,30489281,2018-01-14
1111113473,37023831,2018-09-12
1111113474,12192541,2018-01-20
1111113475,10885631,2018-10-10
1111113476,40291106,2018-11-29
1111113477,36370376,2018-02-11
1111113478,24608186,2018-08-12
1111113479,23301276,2018-10-07
1111113480,25915096,2018-02-18
1111113481,10885631,2018-12-04
1111113482,31796191,2018-02-20
1111113483,14152906,2018-07-17
1111113484,23954731,2018-10-20
1111113485,37023831,2018-11-04
1111113486,41598016,2018-04-14
1111113487,22647821,2018-04-18
1111113488,33103101,2018-08-18
1111113489,16766726,2018-04-09
1111113490,10232176,2018-06-09
1111113491,12845996,2018-09-19
1111113492,13499451,2018-04-07
1111113493,21994366,2018-06-05
1111113494,18073636,2018-06-15
1111113495,37677286,2018-10-24
1111113496,17420181,2018-11-19
1111113497,32449646,2018-07-05
1111113498,15459816,2018-10-17
1111113499,25261641,2018-12-02
1111113500,27222006,2018-11-21
1111113501,29835826,2018-09-05
1111113502,35716921,2018-09-23
1111113503,16113271,2018-07-02
1111113504,40944561,2018-02-28
1111113505,35063466,2018-10-15
1111113506,29182371,2018-08-06
1111113507,20034001,2018-07-25
1111113508,28528916,2018-03-13
1111113509,11539086,2018-04-04
1111113510,26568551,2018-03-29
1111113511,33756556,2018-04-21
1111113512,21340911,2018-01-10
1111113513,31142736,2018-07-27
1111113514,27875461,2018-09-24
1111113515,39637651,2018-07-22
1111113516,18727091,2018-07-08
1111113517,30489281,2018-12-22
1111113518,38984196,2018-10-13
1111113519,34410011,2018-11-27
1111113520,14806361,2018-02-28
1111113521,19380546,2018-12-02
1111113522,20687456,2018-01-22
1111113523,38330741,2018-07-25
1111113524,12192541,2018-03-05
1111113525,31796191,2018-12-16
1111113526,25261641,2018-01-03
1111113527,23301276,2018-07-10
1111113528,14806361,2018-06-27
1111113529,20687456,2018-11-04
1111113530,37677286,2018-05-04
1111113531,40291106,2018-06-25
1111113532,36370376,2018-04-09
1111113533,14152906,2018-07-22
1111113534,12192541,2018-01-21
1111113535,25915096,2018-11-26
1111113536,20034001,2018-08-19
1111113537,11539086,2018-12-19
1111113538,32449646,2018-08-12
1111113539,18727091,2018-10-06
1111113540,19380546,2018-03-29
1111113541,23954731,2018-02-17
1111113542,18073636,2018-05-15
1111113543,30489281,2018-02-09
1111113544,29835826,2018-09-23
1111113545,15459816,2018-10-19
1111113546,38984196,2018-04-22
1111113547,17420181,2018-05-13
1111113548,31142736,2018-06-16
1111113549,37023831,2018-09-07
1111113550,35063466,2018-07-26
1111113551,26568551,2018-02-21
1111113552,21340911,2018-01-30
1111113553,27875461,2018-08-17
1111113554,24608186,2018-09-14
1111113555,35716921,2018-05-29
1111113556,10232176,2018-02-28
1111113557,22647821,2018-06-04
1111113558,27222006,2018-05-06
1111113559,16113271,2018-08-30
1111113560,10885631,2018-11-28
1111113561,33103101,2018-08-18
1111113562,40944561,2018-08-03
1111113563,29182371,2018-06-06
1111113564,12845996,2018-05-09
1111113565,13499451,2018-06-03
1111113566,21994366,2018-01-19
1111113567,41598016,2018-07-21
1111113568,28528916,2018-07-25
1111113569,34410011,2018-03-28
1111113570,33756556,2018-05-26
1111113571,16766726,2018-03-26
1111113572,39637651,2018-03-13
1111113573,38330741,2018-12-23
1111113574,14806361,2018-12-04
1111113575,26568551,2018-03-10
1111113576,39637651,2018-06-13
1111113577,24608186,2018-06-19
1111113578,22647821,2018-10-11
1111113579,27222006,2018-02-02
1111113580,10885631,2018-06-16
1111113581,28528916,2018-04-21
1111113582,12192541,2018-10-22
1111113583,20034001,2018-08-07
1111113584,11539086,2018-08-26
1111113585,18073636,2018-01-15
1111113586,33756556,2018-11-17
1111113587,36370376,2018-10-02
1111113588,17420181,2018-09-02
1111113589,31142736,2018-06-21
1111113590,21340911,2018-08-06
1111113591,10232176,2018-04-30
1111113592,13499451,2018-02-11
1111113593,34410011,2018-08-27
1111113594,41598016,2018-02-07
1111113595,25915096,2018-07-28
1111113596,33103101,2018-05-21
1111113597,37677286,2018-11-07
1111113598,29182371,2018-07-01
1111113599,32449646,2018-05-24
1111113600,12845996,2018-08-07
1111113601,16766726,2018-09-28
1111113602,40291106,2018-09-09
1111113603,37023831,2018-10-11
1111113604,21994366,2018-02-17
1111113605,23954731,2018-09-27
1111113606,30489281,2018-05-29
1111113607,27875461,2018-09-27
1111113608,31796191,2018-02-06
1111113609,20687456,2018-08-06
1111113610,15459816,2018-02-19
1111113611,38984196,2018-10-12
1111113612,18727091,2018-01-22
1111113613,40944561,2018-03-09
1111113614,14152906,2018-04-07
1111113615,35716921,2018-02-05
1111113616,16113271,2018-04-16
1111113617,38330741,2018-08-15
1111113618,25261641,2018-08-11
1111113619,23301276,2018-10-22
1111113620,19380546,2018-09-18
1111113621,29835826,2018-07-10
1111113622,35063466,2018-08-13
1111113623,38330741,2018-07-02
1111113624,29835826,2018-01-16
1111113625,35063466,2018-04-12
1111113626,27875461,2018-05-27
1111113627,22647821,2018-04-18
1111113628,10232176,2018-02-21
1111113629,33103101,2018-11-15
1111113630,35716921,2018-11-05
1111113631,10885631,2018-05-04
1111113632,40291106,2018-07-20
1111113633,11539086,2018-02-09
1111113634,34410011,2018-10-04
1111113635,24608186,2018-03-30
1111113636,12192541,2018-10-03
1111113637,21340911,2018-06-20
1111113638,25915096,2018-06-11
1111113639,37677286,2018-04-24
1111113640,15459816,2018-03-09
1111113641,38984196,2018-07-14
1111113642,20034001,2018-11-02
1111113643,31142736,2018-08-04
1111113644,16766726,2018-07-28